{
  "Benchmark Results - Hidden Shift - cudaq": {
    "backend_id": "nvidia",
    "circuit_metrics": null,
    "end_time": 1772923375.7505255,
    "group_metrics": {
      "avg_create_times": [
        0.0,
        0.0,
        0.0,
        0.0
      ],
      "avg_depths": [
        2704.0,
        3136.0,
        3600.0,
        4096.0
      ],
      "avg_elapsed_times": [
        0.006,
        0.022,
        0.093,
        0.37
      ],
      "avg_exec_creating_times": [],
      "avg_exec_running_times": [],
      "avg_exec_times": [
        0.006,
        0.022,
        0.093,
        0.37
      ],
      "avg_exec_validating_times": [],
      "avg_fidelities": [
        1.0,
        1.0,
        1.0,
        1.0
      ],
      "avg_hf_fidelities": [
        1.0,
        1.0,
        1.0,
        1.0
      ],
      "avg_tr_depths": [
        2704.0,
        3136.0,
        3600.0,
        4096.0
      ],
      "avg_tr_n2qs": [
        2028.0,
        2352.0,
        2700.0,
        3072.0
      ],
      "avg_tr_xis": [
        0.5,
        0.5,
        0.5,
        0.5
      ],
      "avg_xis": [
        0.5,
        0.5,
        0.5,
        0.5
      ],
      "groups": [
        "26",
        "28",
        "30",
        "32"
      ],
      "job_ids": [
        [],
        [],
        [],
        []
      ],
      "std_create_times": [
        0.0,
        0.0,
        0.0,
        0.0
      ],
      "std_elapsed_times": [
        0.0,
        0.0,
        0.0,
        0.0
      ],
      "std_exec_times": [
        0.0,
        0.0,
        0.0,
        0.0
      ],
      "std_fidelities": [
        0.0,
        0.0,
        0.0,
        0.0
      ],
      "std_hf_fidelities": [
        0.0,
        0.0,
        0.0,
        0.0
      ]
    },
    "start_time": 1772923374.3236094
  },
  "Benchmark Results - Phase Estimation - cudaq": {
    "backend_id": "nvidia",
    "circuit_metrics": null,
    "end_time": 1772923476.3462234,
    "group_metrics": {
      "avg_create_times": [
        0.0,
        0.0,
        0.0,
        0.0,
        0.0,
        0.0,
        0.0,
        0.0
      ],
      "avg_depths": [
        2704.0,
        2916.0,
        3136.0,
        3364.0,
        3600.0,
        3844.0,
        4096.0,
        4356.0
      ],
      "avg_elapsed_times": [
        0.026,
        0.05,
        0.103,
        0.21,
        0.427,
        0.891,
        1.86,
        3.802
      ],
      "avg_exec_creating_times": [],
      "avg_exec_running_times": [],
      "avg_exec_times": [
        0.026,
        0.05,
        0.103,
        0.21,
        0.427,
        0.891,
        1.86,
        3.801
      ],
      "avg_exec_validating_times": [],
      "avg_fidelities": [
        0.0,
        0.0,
        0.0,
        0.0,
        0.0,
        0.0,
        0.0,
        0.0
      ],
      "avg_hf_fidelities": [
        0.0,
        0.0,
        0.0,
        0.0,
        0.0,
        0.0,
        0.0,
        0.0
      ],
      "avg_tr_depths": [
        2704.0,
        2916.0,
        3136.0,
        3364.0,
        3600.0,
        3844.0,
        4096.0,
        4356.0
      ],
      "avg_tr_n2qs": [
        2028.0,
        2187.0,
        2352.0,
        2523.0,
        2700.0,
        2883.0,
        3072.0,
        3267.0
      ],
      "avg_tr_xis": [
        0.5,
        0.5,
        0.5,
        0.5,
        0.5,
        0.5,
        0.5,
        0.5
      ],
      "avg_xis": [
        0.5,
        0.5,
        0.5,
        0.5,
        0.5,
        0.5,
        0.5,
        0.5
      ],
      "groups": [
        "26",
        "27",
        "28",
        "29",
        "30",
        "31",
        "32",
        "33"
      ],
      "job_ids": [
        [],
        [],
        [],
        [],
        [],
        [],
        [],
        []
      ],
      "std_create_times": [
        0.0,
        0.0,
        0.0,
        0.0,
        0.0,
        0.0,
        0.0,
        0.0
      ],
      "std_elapsed_times": [
        0.0,
        0.0,
        0.0,
        0.0,
        0.0,
        0.0,
        0.0,
        0.0
      ],
      "std_exec_times": [
        0.0,
        0.0,
        0.0,
        0.0,
        0.0,
        0.0,
        0.0,
        0.0
      ],
      "std_fidelities": [
        0.0,
        0.0,
        0.0,
        0.0,
        0.0,
        0.0,
        0.0,
        0.0
      ],
      "std_hf_fidelities": [
        0.0,
        0.0,
        0.0,
        0.0,
        0.0,
        0.0,
        0.0,
        0.0
      ]
    },
    "start_time": 1772923461.118604
  },
  "Benchmark Results - Quantum Fourier Transform (1) - cudaq": {
    "backend_id": "nvidia",
    "circuit_metrics": null,
    "end_time": 1772923427.9104617,
    "group_metrics": {
      "avg_create_times": [
        0.0,
        0.0,
        0.0,
        0.0,
        0.0,
        0.0,
        0.0,
        0.0
      ],
      "avg_depths": [
        2704.0,
        2916.0,
        3136.0,
        3364.0,
        3600.0,
        3844.0,
        4096.0,
        4356.0
      ],
      "avg_elapsed_times": [
        0.04,
        0.078,
        0.153,
        0.297,
        0.615,
        1.393,
        2.601,
        5.486
      ],
      "avg_exec_creating_times": [],
      "avg_exec_running_times": [],
      "avg_exec_times": [
        0.04,
        0.078,
        0.153,
        0.297,
        0.615,
        1.393,
        2.601,
        5.486
      ],
      "avg_exec_validating_times": [],
      "avg_fidelities": [
        0.992,
        0.996,
        0.994,
        0.994,
        0.994,
        0.991,
        0.993,
        0.992
      ],
      "avg_hf_fidelities": [
        0.992,
        0.996,
        0.994,
        0.994,
        0.994,
        0.991,
        0.993,
        0.992
      ],
      "avg_tr_depths": [
        2704.0,
        2916.0,
        3136.0,
        3364.0,
        3600.0,
        3844.0,
        4096.0,
        4356.0
      ],
      "avg_tr_n2qs": [
        2028.0,
        2187.0,
        2352.0,
        2523.0,
        2700.0,
        2883.0,
        3072.0,
        3267.0
      ],
      "avg_tr_xis": [
        0.5,
        0.5,
        0.5,
        0.5,
        0.5,
        0.5,
        0.5,
        0.5
      ],
      "avg_xis": [
        0.5,
        0.5,
        0.5,
        0.5,
        0.5,
        0.5,
        0.5,
        0.5
      ],
      "groups": [
        "26",
        "27",
        "28",
        "29",
        "30",
        "31",
        "32",
        "33"
      ],
      "job_ids": [
        [],
        [],
        [],
        [],
        [],
        [],
        [],
        []
      ],
      "std_create_times": [
        0.0,
        0.0,
        0.0,
        0.0,
        0.0,
        0.0,
        0.0,
        0.0
      ],
      "std_elapsed_times": [
        0.0,
        0.0,
        0.0,
        0.0,
        0.0,
        0.0,
        0.0,
        0.0
      ],
      "std_exec_times": [
        0.0,
        0.0,
        0.0,
        0.0,
        0.0,
        0.0,
        0.0,
        0.0
      ],
      "std_fidelities": [
        0.003,
        0.002,
        0.001,
        0.0,
        0.002,
        0.002,
        0.001,
        0.001
      ],
      "std_hf_fidelities": [
        0.003,
        0.002,
        0.001,
        0.0,
        0.002,
        0.002,
        0.001,
        0.001
      ]
    },
    "start_time": 1772923407.1437113
  }
}