{
  "Benchmark Results - Hidden Shift - cudaq": {
    "backend_id": "nvidia",
    "circuit_metrics": null,
    "end_time": 1773158356.0475981,
    "group_metrics": {
      "avg_create_times": [
        0.0,
        0.0,
        0.0,
        0.0,
        0.0
      ],
      "avg_depths": [
        2704.0,
        3136.0,
        3600.0,
        4096.0,
        4624.0
      ],
      "avg_elapsed_times": [
        0.007,
        0.027,
        0.104,
        0.312,
        1.658
      ],
      "avg_exec_creating_times": [],
      "avg_exec_running_times": [],
      "avg_exec_times": [
        0.007,
        0.027,
        0.104,
        0.312,
        1.658
      ],
      "avg_exec_validating_times": [],
      "avg_fidelities": [
        1.0,
        1.0,
        1.0,
        1.0,
        1.0
      ],
      "avg_hf_fidelities": [
        1.0,
        1.0,
        1.0,
        1.0,
        1.0
      ],
      "avg_tr_depths": [
        2704.0,
        3136.0,
        3600.0,
        4096.0,
        4624.0
      ],
      "avg_tr_n2qs": [
        2028.0,
        2352.0,
        2700.0,
        3072.0,
        3468.0
      ],
      "avg_tr_xis": [
        0.5,
        0.5,
        0.5,
        0.5,
        0.5
      ],
      "avg_xis": [
        0.5,
        0.5,
        0.5,
        0.5,
        0.5
      ],
      "groups": [
        "26",
        "28",
        "30",
        "32",
        "34"
      ],
      "job_ids": [
        [],
        [],
        [],
        [],
        []
      ],
      "std_create_times": [
        0.0,
        0.0,
        0.0,
        0.0,
        0.0
      ],
      "std_elapsed_times": [
        0.0,
        0.0,
        0.0,
        0.0,
        0.0
      ],
      "std_exec_times": [
        0.0,
        0.0,
        0.0,
        0.0,
        0.0
      ],
      "std_fidelities": [
        0.0,
        0.0,
        0.0,
        0.0,
        0.0
      ],
      "std_hf_fidelities": [
        0.0,
        0.0,
        0.0,
        0.0,
        0.0
      ]
    },
    "start_time": 1773158349.4043875
  },
  "Benchmark Results - Phase Estimation - cudaq": {
    "backend_id": "nvidia",
    "circuit_metrics": null,
    "end_time": 1773158527.9403875,
    "group_metrics": {
      "avg_create_times": [
        0.0,
        0.0,
        0.0,
        0.0,
        0.0,
        0.0,
        0.0,
        0.0,
        0.0
      ],
      "avg_depths": [
        2704.0,
        2916.0,
        3136.0,
        3364.0,
        3600.0,
        3844.0,
        4096.0,
        4356.0,
        4624.0
      ],
      "avg_elapsed_times": [
        0.026,
        0.045,
        0.085,
        0.168,
        0.338,
        0.701,
        1.399,
        2.86,
        5.725
      ],
      "avg_exec_creating_times": [],
      "avg_exec_running_times": [],
      "avg_exec_times": [
        0.026,
        0.045,
        0.085,
        0.168,
        0.338,
        0.701,
        1.399,
        2.86,
        5.725
      ],
      "avg_exec_validating_times": [],
      "avg_fidelities": [
        0.0,
        0.0,
        0.0,
        0.0,
        0.0,
        0.0,
        0.0,
        0.0,
        0.0
      ],
      "avg_hf_fidelities": [
        0.0,
        0.0,
        0.0,
        0.0,
        0.0,
        0.0,
        0.0,
        0.0,
        0.0
      ],
      "avg_tr_depths": [
        2704.0,
        2916.0,
        3136.0,
        3364.0,
        3600.0,
        3844.0,
        4096.0,
        4356.0,
        4624.0
      ],
      "avg_tr_n2qs": [
        2028.0,
        2187.0,
        2352.0,
        2523.0,
        2700.0,
        2883.0,
        3072.0,
        3267.0,
        3468.0
      ],
      "avg_tr_xis": [
        0.5,
        0.5,
        0.5,
        0.5,
        0.5,
        0.5,
        0.5,
        0.5,
        0.5
      ],
      "avg_xis": [
        0.5,
        0.5,
        0.5,
        0.5,
        0.5,
        0.5,
        0.5,
        0.5,
        0.5
      ],
      "groups": [
        "26",
        "27",
        "28",
        "29",
        "30",
        "31",
        "32",
        "33",
        "34"
      ],
      "job_ids": [
        [],
        [],
        [],
        [],
        [],
        [],
        [],
        [],
        []
      ],
      "std_create_times": [
        0.0,
        0.0,
        0.0,
        0.0,
        0.0,
        0.0,
        0.0,
        0.0,
        0.0
      ],
      "std_elapsed_times": [
        0.0,
        0.0,
        0.0,
        0.0,
        0.0,
        0.0,
        0.0,
        0.0,
        0.0
      ],
      "std_exec_times": [
        0.0,
        0.0,
        0.0,
        0.0,
        0.0,
        0.0,
        0.0,
        0.0,
        0.0
      ],
      "std_fidelities": [
        0.0,
        0.0,
        0.0,
        0.0,
        0.0,
        0.0,
        0.0,
        0.0,
        0.0
      ],
      "std_hf_fidelities": [
        0.0,
        0.0,
        0.0,
        0.0,
        0.0,
        0.0,
        0.0,
        0.0,
        0.0
      ]
    },
    "start_time": 1773158500.7157404
  },
  "Benchmark Results - Quantum Fourier Transform (1) - cudaq": {
    "backend_id": "nvidia",
    "circuit_metrics": null,
    "end_time": 1773158446.3151944,
    "group_metrics": {
      "avg_create_times": [
        0.0,
        0.0,
        0.0,
        0.0,
        0.0,
        0.0,
        0.0,
        0.0,
        0.0
      ],
      "avg_depths": [
        2704.0,
        2916.0,
        3136.0,
        3364.0,
        3600.0,
        3844.0,
        4096.0,
        4356.0,
        4624.0
      ],
      "avg_elapsed_times": [
        0.041,
        0.072,
        0.133,
        0.259,
        0.521,
        1.111,
        2.177,
        4.278,
        8.722
      ],
      "avg_exec_creating_times": [],
      "avg_exec_running_times": [],
      "avg_exec_times": [
        0.041,
        0.072,
        0.133,
        0.259,
        0.521,
        1.111,
        2.177,
        4.278,
        8.721
      ],
      "avg_exec_validating_times": [],
      "avg_fidelities": [
        0.991,
        0.994,
        0.993,
        0.993,
        0.995,
        0.995,
        0.991,
        0.992,
        0.991
      ],
      "avg_hf_fidelities": [
        0.991,
        0.994,
        0.993,
        0.993,
        0.995,
        0.995,
        0.991,
        0.992,
        0.991
      ],
      "avg_tr_depths": [
        2704.0,
        2916.0,
        3136.0,
        3364.0,
        3600.0,
        3844.0,
        4096.0,
        4356.0,
        4624.0
      ],
      "avg_tr_n2qs": [
        2028.0,
        2187.0,
        2352.0,
        2523.0,
        2700.0,
        2883.0,
        3072.0,
        3267.0,
        3468.0
      ],
      "avg_tr_xis": [
        0.5,
        0.5,
        0.5,
        0.5,
        0.5,
        0.5,
        0.5,
        0.5,
        0.5
      ],
      "avg_xis": [
        0.5,
        0.5,
        0.5,
        0.5,
        0.5,
        0.5,
        0.5,
        0.5,
        0.5
      ],
      "groups": [
        "26",
        "27",
        "28",
        "29",
        "30",
        "31",
        "32",
        "33",
        "34"
      ],
      "job_ids": [
        [],
        [],
        [],
        [],
        [],
        [],
        [],
        [],
        []
      ],
      "std_create_times": [
        0.0,
        0.0,
        0.0,
        0.0,
        0.0,
        0.0,
        0.0,
        0.0,
        0.0
      ],
      "std_elapsed_times": [
        0.0,
        0.0,
        0.0,
        0.0,
        0.0,
        0.0,
        0.0,
        0.0,
        0.0
      ],
      "std_exec_times": [
        0.0,
        0.0,
        0.0,
        0.0,
        0.0,
        0.0,
        0.0,
        0.0,
        0.0
      ],
      "std_fidelities": [
        0.0,
        0.001,
        0.0,
        0.001,
        0.002,
        0.0,
        0.002,
        0.002,
        0.002
      ],