{
  "Benchmark Results - Hidden Shift - cudaq": {
    "backend_id": "nvidia",
    "circuit_metrics": null,
    "end_time": 1773166285.4851172,
    "group_metrics": {
      "avg_create_times": [
        0.0,
        0.0,
        0.0,
        0.0,
        0.0
      ],
      "avg_depths": [
        2704.0,
        3136.0,
        3600.0,
        4096.0,
        4624.0
      ],
      "avg_elapsed_times": [
        0.006,
        0.019,
        0.066,
        0.189,
        1.042
      ],
      "avg_exec_creating_times": [],
      "avg_exec_running_times": [],
      "avg_exec_times": [
        0.006,
        0.019,
        0.066,
        0.189,
        1.041
      ],
      "avg_exec_validating_times": [],
      "avg_fidelities": [
        1.0,
        1.0,
        1.0,
        1.0,
        1.0
      ],
      "avg_hf_fidelities": [
        1.0,
        1.0,
        1.0,
        1.0,
        1.0
      ],
      "avg_tr_depths": [
        2704.0,
        3136.0,
        3600.0,
        4096.0,
        4624.0
      ],
      "avg_tr_n2qs": [
        2028.0,
        2352.0,
        2700.0,
        3072.0,
        3468.0
      ],
      "avg_tr_xis": [
        0.5,
        0.5,
        0.5,
        0.5,
        0.5
      ],
      "avg_xis": [
        0.5,
        0.5,
        0.5,
        0.5,
        0.5
      ],
      "groups": [
        "26",
        "28",
        "30",
        "32",
        "34"
      ],
      "job_ids": [
        [],
        [],
        [],
        [],
        []
      ],
      "std_create_times": [
        0.0,
        0.0,
        0.0,
        0.0,
        0.0
      ],
      "std_elapsed_times": [
        0.0,
        0.0,
        0.0,
        0.0,
        0.0
      ],
      "std_exec_times": [
        0.0,
        0.0,
        0.0,
        0.0,
        0.0
      ],
      "std_fidelities": [
        0.0,
        0.0,
        0.0,
        0.0,
        0.0
      ],
      "std_hf_fidelities": [
        0.0,
        0.0,
        0.0,
        0.0,
        0.0
      ]
    },
    "start_time": 1773166281.9844325
  },
  "Benchmark Results - Phase Estimation - cudaq": {
    "backend_id": "nvidia",
    "circuit_metrics": null,
    "end_time": 1773166503.3470795,
    "group_metrics": {
      "avg_create_times": [
        0.0,
        0.0,
        0.0,
        0.0,
        0.0,
        0.0,
        0.0,
        0.0,
        0.0,
        0.0,
        0.0
      ],
      "avg_depths": [
        2500.0,
        2704.0,
        2916.0,
        3136.0,
        3364.0,
        3600.0,
        3844.0,
        4096.0,
        4356.0,
        4624.0,
        4900.0
      ],
      "avg_elapsed_times": [
        0.018,
        0.018,
        0.029,
        0.053,
        0.104,
        0.208,
        0.411,
        0.819,
        1.686,
        3.369,
        6.893
      ],
      "avg_exec_creating_times": [],
      "avg_exec_running_times": [],
      "avg_exec_times": [
        0.018,
        0.018,
        0.029,
        0.053,
        0.104,
        0.208,
        0.411,
        0.819,
        1.686,
        3.369,
        6.892
      ],
      "avg_exec_validating_times": [],
      "avg_fidelities": [
        0.0,
        0.0,
        0.0,
        0.0,
        0.0,
        0.0,
        0.0,
        0.0,
        0.0,
        0.0,
        0.0
      ],
      "avg_hf_fidelities": [
        0.0,
        0.0,
        0.0,
        0.0,
        0.0,
        0.0,
        0.0,
        0.0,
        0.0,
        0.0,
        0.0
      ],
      "avg_tr_depths": [
        2500.0,
        2704.0,
        2916.0,
        3136.0,
        3364.0,
        3600.0,
        3844.0,
        4096.0,
        4356.0,
        4624.0,
        4900.0
      ],
      "avg_tr_n2qs": [
        1875.0,
        2028.0,
        2187.0,
        2352.0,
        2523.0,
        2700.0,
        2883.0,
        3072.0,
        3267.0,
        3468.0,
        3675.0
      ],
      "avg_tr_xis": [
        0.5,
        0.5,
        0.5,
        0.5,
        0.5,
        0.5,
        0.5,
        0.5,
        0.5,
        0.5,
        0.5
      ],
      "avg_xis": [
        0.5,
        0.5,
        0.5,
        0.5,
        0.5,
        0.5,
        0.5,
        0.5,
        0.5,
        0.5,
        0.5
      ],
      "groups": [
        "25",
        "26",
        "27",
        "28",
        "29",
        "30",
        "31",
        "32",
        "33",
        "34",
        "35"
      ],
      "job_ids": [
        [],
        [],
        [],
        [],
        [],
        [],
        [],
        [],
        [],
        [],
        []
      ],
      "std_create_times": [
        0.0,
        0.0,
        0.0,
        0.0,
        0.0,
        0.0,
        0.0,
        0.0,
        0.0,
        0.0,
        0.0
      ],
      "std_elapsed_times": [
        0.0,
        0.0,
        0.0,
        0.0,
        0.0,
        0.0,
        0.0,
        0.0,
        0.0,
        0.0,
        0.0
      ],
      "std_exec_times": [
        0.0,
        0.0,
        0.0,
        0.0,
        0.0,
        0.0,
        0.0,
        0.0,
        0.0,
        0.0,
        0.0
      ],
      "std_fidelities": [
        0.0,
        0.0,
        0.0,
        0.0,
        0.0,
        0.0,
        0.0,
        0.0,
        0.0,
        0.0,
        0.0
      ],
      "std_hf_fidelities": [
        0.0,
        0.0,
        0.0,
        0.0,
        0.0,
        0.0,
        0.0,
        0.0,
        0.0,
        0.0,
        0.0
      ]
    },
    "start_time": 1773166469.2721822
  },
  "Benchmark Results - Quantum Fourier Transform (1) - cudaq": {
    "backend_id": "nvidia",
    "circuit_metrics": null,
    "end_time": 1773166407.0652373,
    "group_metrics": {
      "avg_create_times": [
        0.0,
        0.0,
        0.0,
        0.0,
        0.0,
        0.0,
        0.0,
        0.0,
        0.0,
        0.0,
        0.0
      ],
      "avg_depths": [
        2500.0,
        2704.0,
        2916.0,
        3136.0,
        3364.0,
        3600.0,
        3844.0,
        4096.0,
        4356.0,
        4624.0,
        4900.0
      ],
      "avg_elapsed_times": [
        0.025,
        0.031,
        0.053,
        0.094,
        0.173,
        0.348,
        0.704,
        1.399,
        2.822,
        5.629,
        11.392
      ],
      "avg_exec_creating_times": [],
      "avg_exec_running_times": [],
      "avg_exec_times": [
        0.025,
        0.031,
        0.053,
        0.093,
        0.173,
        0.348,
        0.704,
        1.399,
        2.822,
        5.628,
        11.392
      ],
      "avg_exec_validating_times": [],
      "avg_fidelities": [
        0.994,
        0.99,
        0.993,
        0.993,
        0.991,
        0.99,
        0.995,
        0.996,
        0.993,
        0.993,
        0.995
      ],
      "avg_hf_fidelities": [
        0.994,
        0.99,
        0.993,
        0.993,
        0.991,
        0.99,
        0.995,
        0.996,
        0.993,
        0.993,
        0.995
      ],
      "avg_tr_depths": [
        2500.0,
        2704.0,
        2916.0,
        3136.0,
        3364.0,
        3600.0,
        3844.0,
        4096.0,
        4356.0,
        4624.0,
        4900.0
      ],
      "avg_tr_n2qs": [
        1875.0,
        2028.0,
        2187.0,
        2352.0,
        2523.0,
        2700.0,
        2883.0,
        3072.0,
        3267.0,
        3468.0,
        3675.0
      ],
      "avg_tr_xis": [
        0.5,
        0.5,
        0.5,
        0.5,
        0.5,
        0.5,
        0.5,
        0.5,
        0.5,
        0.5,
        0.5
      ],
      "avg_xis": [
        0.5,
        0.5,
        0.5,
        0.5,
        0.5,
        0.5,
        0.5,
        0.5,
        0.5,
        0.5,
        0.5
      ],
      "groups": [
        "25",
        "26",
        "27",
        "28",
        "29",
        "30",
        "31",
        "32",
        "33",
        "34",
        "35"
      ],