{
  "Benchmark Results - Hidden Shift - cudaq": {
    "backend_id": "nvidia",
    "circuit_metrics": null,
    "end_time": 1773166463.6683474,
    "group_metrics": {
      "avg_create_times": [
        0.0,
        0.0,
        0.0,
        0.0,
        0.0,
        0.0
      ],
      "avg_depths": [
        2704.0,
        3136.0,
        3600.0,
        4096.0,
        4624.0,
        5184.0
      ],
      "avg_elapsed_times": [
        0.012,
        0.037,
        0.127,
        0.309,
        1.936,
        7.737
      ],
      "avg_exec_creating_times": [],
      "avg_exec_running_times": [],
      "avg_exec_times": [
        0.012,
        0.037,
        0.127,
        0.309,
        1.936,
        7.737
      ],
      "avg_exec_validating_times": [],
      "avg_fidelities": [
        1.0,
        1.0,
        1.0,
        1.0,
        1.0,
        1.0
      ],
      "avg_hf_fidelities": [
        1.0,
        1.0,
        1.0,
        1.0,
        1.0,
        1.0
      ],
      "avg_tr_depths": [
        2704.0,
        3136.0,
        3600.0,
        4096.0,
        4624.0,
        5184.0
      ],
      "avg_tr_n2qs": [
        2028.0,
        2352.0,
        2700.0,
        3072.0,
        3468.0,
        3888.0
      ],
      "avg_tr_xis": [
        0.5,
        0.5,
        0.5,
        0.5,
        0.5,
        0.5
      ],
      "avg_xis": [
        0.5,
        0.5,
        0.5,
        0.5,
        0.5,
        0.5
      ],
      "groups": [
        "26",
        "28",
        "30",
        "32",
        "34",
        "36"
      ],
      "job_ids": [
        [],
        [],
        [],
        [],
        [],
        []
      ],
      "std_create_times": [
        0.0,
        0.0,
        0.0,
        0.0,
        0.0,
        0.0
      ],
      "std_elapsed_times": [
        0.0,
        0.0,
        0.0,
        0.0,
        0.0,
        0.0
      ],
      "std_exec_times": [
        0.0,
        0.0,
        0.0,
        0.0,
        0.0,
        0.0
      ],
      "std_fidelities": [
        0.0,
        0.0,
        0.0,
        0.0,
        0.0,
        0.0
      ],
      "std_hf_fidelities": [
        0.0,
        0.0,
        0.0,
        0.0,
        0.0,
        0.0
      ]
    },
    "start_time": 1773166443.4867797
  },
  "Benchmark Results - Phase Estimation - cudaq": {
    "backend_id": "nvidia",
    "circuit_metrics": null,
    "end_time": 1773166795.7967663,
    "group_metrics": {
      "avg_create_times": [
        0.0,
        0.0,
        0.0,
        0.0,
        0.0,
        0.0,
        0.0,
        0.0,
        0.0,
        0.0,
        0.0
      ],
      "avg_depths": [
        2704.0,
        2916.0,
        3136.0,
        3364.0,
        3600.0,
        3844.0,
        4096.0,
        4356.0,
        4624.0,
        4900.0,
        5184.0
      ],
      "avg_elapsed_times": [
        0.033,
        0.048,
        0.08,
        0.15,
        0.306,
        0.57,
        1.131,
        2.266,
        4.525,
        9.122,
        18.301
      ],
      "avg_exec_creating_times": [],
      "avg_exec_running_times": [],
      "avg_exec_times": [
        0.033,
        0.048,
        0.08,
        0.15,
        0.306,
        0.57,
        1.131,
        2.266,
        4.525,
        9.122,
        18.301
      ],
      "avg_exec_validating_times": [],
      "avg_fidelities": [
        0.0,
        0.0,
        0.0,
        0.0,
        0.0,
        0.0,
        0.0,
        0.0,
        0.0,
        0.0,
        0.0
      ],
      "avg_hf_fidelities": [
        0.0,
        0.0,
        0.0,
        0.0,
        0.0,
        0.0,
        0.0,
        0.0,
        0.0,
        0.0,
        0.0
      ],
      "avg_tr_depths": [
        2704.0,
        2916.0,
        3136.0,
        3364.0,
        3600.0,
        3844.0,
        4096.0,
        4356.0,
        4624.0,
        4900.0,
        5184.0
      ],
      "avg_tr_n2qs": [
        2028.0,
        2187.0,
        2352.0,
        2523.0,
        2700.0,
        2883.0,
        3072.0,
        3267.0,
        3468.0,
        3675.0,
        3888.0
      ],
      "avg_tr_xis": [
        0.5,
        0.5,
        0.5,
        0.5,
        0.5,
        0.5,
        0.5,
        0.5,
        0.5,
        0.5,
        0.5
      ],
      "avg_xis": [
        0.5,
        0.5,
        0.5,
        0.5,
        0.5,
        0.5,
        0.5,
        0.5,
        0.5,
        0.5,
        0.5
      ],
      "groups": [
        "26",
        "27",
        "28",
        "29",
        "30",
        "31",
        "32",
        "33",
        "34",
        "35",
        "36"
      ],
      "job_ids": [
        [],
        [],
        [],
        [],
        [],
        [],
        [],
        [],
        [],
        [],
        []
      ],
      "std_create_times": [
        0.0,
        0.0,
        0.0,
        0.0,
        0.0,
        0.0,
        0.0,
        0.0,
        0.0,
        0.0,
        0.0
      ],
      "std_elapsed_times": [
        0.0,
        0.0,
        0.0,
        0.0,
        0.0,
        0.0,
        0.0,
        0.0,
        0.0,
        0.0,
        0.0
      ],
      "std_exec_times": [
        0.0,
        0.0,
        0.0,
        0.0,
        0.0,
        0.0,
        0.0,
        0.0,
        0.0,
        0.0,
        0.0
      ],
      "std_fidelities": [
        0.0,
        0.0,
        0.0,
        0.0,
        0.0,
        0.0,
        0.0,
        0.0,
        0.0,
        0.0,
        0.0
      ],
      "std_hf_fidelities": [
        0.0,
        0.0,
        0.0,
        0.0,
        0.0,
        0.0,
        0.0,
        0.0,
        0.0,
        0.0,
        0.0
      ]
    },
    "start_time": 1773166715.613848
  },
  "Benchmark Results - Quantum Fourier Transform (1) - cudaq": {
    "backend_id": "nvidia",
    "circuit_metrics": null,
    "end_time": 1773166647.8917568,
    "group_metrics": {
      "avg_create_times": [
        0.0,
        0.0,
        0.0,
        0.0,
        0.0,
        0.0,
        0.0,
        0.0,
        0.0,
        0.0,
        0.0
      ],
      "avg_depths": [
        2704.0,
        2916.0,
        3136.0,
        3364.0,
        3600.0,
        3844.0,
        4096.0,
        4356.0,
        4624.0,
        4900.0,
        5184.0
      ],
      "avg_elapsed_times": [
        0.058,
        0.071,
        0.121,
        0.22,
        0.419,
        0.797,
        1.607,
        3.218,
        6.431,
        12.855,
        25.887
      ],
      "avg_exec_creating_times": [],
      "avg_exec_running_times": [],
      "avg_exec_times": [
        0.058,
        0.071,
        0.121,
        0.22,
        0.419,
        0.797,
        1.607,
        3.218,
        6.431,
        12.855,
        25.887
      ],
      "avg_exec_validating_times": [],
      "avg_fidelities": [
        0.991,
        0.992,
        0.993,
        0.99,
        0.992,
        0.994,
        0.995,
        0.993,
        0.993,
        0.994,
        0.992
      ],
      "avg_hf_fidelities": [
        0.991,
        0.992,
        0.993,
        0.99,
        0.992,
        0.994,
        0.995,
        0.993,
        0.993,
        0.994,
        0.992
      ],
      "avg_tr_depths": [
        2704.0,
        2916.0,
        3136.0,
        3364.0,
        3600.0,
        3844.0,
        4096.0,
        4356.0,
        4624.0,
        4900.0,
        5184.0
      ],
      "avg_tr_n2qs": [
        2028.0,
        2187.0,
        2352.0,
        2523.0,
        2700.0,
        2883.0,
        3072.0,
        3267.0,
        3468.0,
        3675.0,
        3888.0
      ],
      "avg_tr_xis": [
        0.5,
        0.5,
        0.5,
        0.5,
        0.5,
        0.5,
        0.5,
        0.5,
        0.5,
        0.5,
        0.5
      ],
      "avg_xis": [
        0.5,
        0.5,
        0.5,
        0.5,
        0.5,
        0.5,
        0.5,
        0.5,
        0.5,
        0.5,
        0.5
      ],