{
  "Benchmark Results - Hidden Shift - cudaq": {
    "backend_id": "nvidia",
    "circuit_metrics": null,
    "end_time": 1773166837.038878,
    "group_metrics": {
      "avg_create_times": [
        0.0,
        0.0,
        0.0,
        0.0,
        0.0,
        0.0
      ],
      "avg_depths": [
        2704.0,
        3136.0,
        3600.0,
        4096.0,
        4624.0,
        5184.0
      ],
      "avg_elapsed_times": [
        0.013,
        0.025,
        0.086,
        0.197,
        1.299,
        5.132
      ],
      "avg_exec_creating_times": [],
      "avg_exec_running_times": [],
      "avg_exec_times": [
        0.013,
        0.025,
        0.086,
        0.197,
        1.299,
        5.131
      ],
      "avg_exec_validating_times": [],
      "avg_fidelities": [
        1.0,
        1.0,
        1.0,
        1.0,
        1.0,
        1.0
      ],
      "avg_hf_fidelities": [
        1.0,
        1.0,
        1.0,
        1.0,
        1.0,
        1.0
      ],
      "avg_tr_depths": [
        2704.0,
        3136.0,
        3600.0,
        4096.0,
        4624.0,
        5184.0
      ],
      "avg_tr_n2qs": [
        2028.0,
        2352.0,
        2700.0,
        3072.0,
        3468.0,
        3888.0
      ],
      "avg_tr_xis": [
        0.5,
        0.5,
        0.5,
        0.5,
        0.5,
        0.5
      ],
      "avg_xis": [
        0.5,
        0.5,
        0.5,
        0.5,
        0.5,
        0.5
      ],
      "groups": [
        "26",
        "28",
        "30",
        "32",
        "34",
        "36"
      ],
      "job_ids": [
        [],
        [],
        [],
        [],
        [],
        []
      ],
      "std_create_times": [
        0.0,
        0.0,
        0.0,
        0.0,
        0.0,
        0.0
      ],
      "std_elapsed_times": [
        0.0,
        0.0,
        0.0,
        0.0,
        0.0,
        0.0
      ],
      "std_exec_times": [
        0.0,
        0.0,
        0.0,
        0.0,
        0.0,
        0.0
      ],
      "std_fidelities": [
        0.0,
        0.0,
        0.0,
        0.0,
        0.0,
        0.0
      ],
      "std_hf_fidelities": [
        0.0,
        0.0,
        0.0,
        0.0,
        0.0,
        0.0
      ]
    },
    "start_time": 1773166824.75354
  },
  "Benchmark Results - Phase Estimation - cudaq": {
    "backend_id": "nvidia",
    "circuit_metrics": null,
    "end_time": 1773167247.572427,
    "group_metrics": {
      "avg_create_times": [
        0.0,
        0.0,
        0.0,
        0.0,
        0.0,
        0.0,
        0.0,
        0.0,
        0.0,
        0.0,
        0.0,
        0.0
      ],
      "avg_depths": [
        2704.0,
        2916.0,
        3136.0,
        3364.0,
        3600.0,
        3844.0,
        4096.0,
        4356.0,
        4624.0,
        4900.0,
        5184.0,
        5476.0
      ],
      "avg_elapsed_times": [
        0.034,
        0.046,
        0.057,
        0.104,
        0.189,
        0.367,
        0.723,
        1.421,
        2.844,
        5.707,
        11.45,
        23.046
      ],
      "avg_exec_creating_times": [],
      "avg_exec_running_times": [],
      "avg_exec_times": [
        0.034,
        0.046,
        0.057,
        0.104,
        0.189,
        0.367,
        0.722,
        1.421,
        2.844,
        5.706,
        11.45,
        23.046
      ],
      "avg_exec_validating_times": [],
      "avg_fidelities": [
        0.0,
        0.0,
        0.0,
        0.0,
        0.0,
        0.0,
        0.0,
        0.0,
        0.0,
        0.0,
        0.0,
        0.0
      ],
      "avg_hf_fidelities": [
        0.0,
        0.0,
        0.0,
        0.0,
        0.0,
        0.0,
        0.0,
        0.0,
        0.0,
        0.0,
        0.0,
        0.0
      ],
      "avg_tr_depths": [
        2704.0,
        2916.0,
        3136.0,
        3364.0,
        3600.0,
        3844.0,
        4096.0,
        4356.0,
        4624.0,
        4900.0,
        5184.0,
        5476.0
      ],
      "avg_tr_n2qs": [
        2028.0,
        2187.0,
        2352.0,
        2523.0,
        2700.0,
        2883.0,
        3072.0,
        3267.0,
        3468.0,
        3675.0,
        3888.0,
        4107.0
      ],
      "avg_tr_xis": [
        0.5,
        0.5,
        0.5,
        0.5,
        0.5,
        0.5,
        0.5,
        0.5,
        0.5,
        0.5,
        0.5,
        0.5
      ],
      "avg_xis": [
        0.5,
        0.5,
        0.5,
        0.5,
        0.5,
        0.5,
        0.5,
        0.5,
        0.5,
        0.5,
        0.5,
        0.5
      ],
      "groups": [
        "26",
        "27",
        "28",
        "29",
        "30",
        "31",
        "32",
        "33",
        "34",
        "35",
        "36",
        "37"
      ],
      "job_ids": [
        [],
        [],
        [],
        [],
        [],
        [],
        [],
        [],
        [],
        [],
        [],
        []
      ],
      "std_create_times": [
        0.0,
        0.0,
        0.0,
        0.0,
        0.0,
        0.0,
        0.0,
        0.0,
        0.0,
        0.0,
        0.0,
        0.0
      ],
      "std_elapsed_times": [
        0.0,
        0.0,
        0.0,
        0.0,
        0.0,
        0.0,
        0.0,
        0.0,
        0.0,
        0.0,
        0.0,
        0.0
      ],
      "std_exec_times": [
        0.0,
        0.0,
        0.0,
        0.0,
        0.0,
        0.0,
        0.0,
        0.0,
        0.0,
        0.0,
        0.0,
        0.0
      ],
      "std_fidelities": [
        0.0,
        0.0,
        0.0,
        0.0,
        0.0,
        0.0,
        0.0,
        0.0,
        0.0,
        0.0,
        0.0,
        0.0
      ],
      "std_hf_fidelities": [
        0.0,
        0.0,
        0.0,
        0.0,
        0.0,
        0.0,
        0.0,
        0.0,
        0.0,
        0.0,
        0.0,
        0.0
      ]
    },
    "start_time": 1773167146.6407816
  },
  "Benchmark Results - Quantum Fourier Transform (1) - cudaq": {
    "backend_id": "nvidia",
    "circuit_metrics": null,
    "end_time": 1773167081.0494664,
    "group_metrics": {
      "avg_create_times": [
        0.0,
        0.0,
        0.0,
        0.0,
        0.0,
        0.0,
        0.0,
        0.0,
        0.0,
        0.0,
        0.0,
        0.0
      ],
      "avg_depths": [
        2704.0,
        2916.0,
        3136.0,
        3364.0,
        3600.0,
        3844.0,
        4096.0,
        4356.0,
        4624.0,
        4900.0,
        5184.0,
        5476.0
      ],
      "avg_elapsed_times": [
        0.049,
        0.061,
        0.082,
        0.139,
        0.26,
        0.485,
        0.932,
        1.898,
        3.737,
        7.413,
        14.593,
        29.309
      ],
      "avg_exec_creating_times": [],
      "avg_exec_running_times": [],
      "avg_exec_times": [
        0.049,
        0.061,
        0.082,
        0.139,
        0.26,
        0.485,
        0.932,
        1.898,
        3.737,
        7.413,
        14.593,
        29.308
      ],
      "avg_exec_validating_times": [],
      "avg_fidelities": [
        0.992,
        0.994,
        0.993,
        0.992,
        0.994,
        0.994,
        0.994,
        0.993,
        0.997,
        0.992,
        0.996,
        0.992
      ],
      "avg_hf_fidelities": [
        0.992,
        0.994,
        0.993,
        0.992,
        0.994,
        0.994,
        0.994,
        0.993,
        0.997,
        0.992,
        0.996,
        0.992
      ],
      "avg_tr_depths": [
        2704.0,
        2916.0,
        3136.0,
        3364.0,
        3600.0,
        3844.0,
        4096.0,
        4356.0,
        4624.0,
        4900.0,
        5184.0,
        5476.0
      ],